index,ori_label,our_label_true,our_label_pred
0,anger,emotion,emotion
1,baby,relation,other
2,baby,relation,travel
3,january,location,location
4,laughter,emotion,emotion
5,friend,relation,relation
6,war,other,relation
7,dream,emotion,emotion
8,summer,travel,relation
9,children,relation,romance
10,city,travel,travel
11,beauty,emotion,emotion
12,beach,travel,emotion
13,water,travel,travel
14,happiness,emotion,emotion
15,justice,emotion,emotion
16,sister,relation,other
17,star,travel,travel
18,moon,travel,emotion
19,home,other,travel
20,june,location,other
21,depression,emotion,emotion
22,pink,other,other
23,hair,other,other
24,swimming,other,other
25,beach,travel,travel
26,sister,relation,relation
27,children,relation,other
28,suicide,relation,other
29,sea,travel,travel
30,kiss,emotion,emotion
31,poetry,art,art
32,suicide,relation,relation
33,sea,travel,travel
34,angel,emotion,emotion
35,spring,travel,travel
36,summer,travel,travel
37,mirror,other,other
38,death,relation,art
39,lost,other,emotion
40,warning,other,emotion
41,snake,travel,travel
42,memory,other,travel
43,music,art,art
44,star,travel,travel
45,laughter,emotion,emotion
46,world,other,other
47,music,art,art
48,work,other,travel
49,weather,travel,travel
50,war,other,relation
51,house,other,other
52,work,other,emotion
53,christmas,location,location
54,marriage,romance,romance
55,remember,other,emotion
56,romance,romance,emotion
57,green,other,travel
58,rain,travel,travel
59,culture,other,travel
60,sun,travel,travel
61,food,other,other
62,son,relation,relation
63,anger,emotion,relation
64,chicago,location,travel
65,dream,emotion,other
66,weather,travel,travel
67,summer,travel,travel
68,war,other,relation
69,swimming,other,travel
70,suicide,relation,relation
71,war,other,emotion
72,graduation,travel,emotion
73,ocean,travel,travel
74,teacher,relation,other
75,respect,emotion,other
76,sky,travel,emotion
77,winter,travel,travel
78,happiness,emotion,emotion
79,greed,emotion,other
80,hate,emotion,emotion
81,graduation,travel,relation
82,lonely,romance,travel
83,swimming,other,other
84,loss,other,other
85,silver,other,travel
86,beach,travel,travel
87,work,other,other
88,soldier,relation,emotion
89,justice,emotion,emotion
90,faith,emotion,other
91,animal,travel,emotion
92,teacher,relation,relation
93,sick,other,relation
94,friend,relation,travel
95,hate,emotion,emotion
96,despair,emotion,emotion
97,lost,other,emotion
98,chicago,location,location
99,school,other,travel
100,fear,emotion,emotion
101,star,travel,relation
102,wedding,romance,romance
103,mother,relation,relation
104,silver,other,other
105,hunting,other,other
106,paris,location,location
107,crazy,emotion,emotion
108,children,relation,other
109,laughter,emotion,emotion
110,time,other,relation
111,river,travel,emotion
112,teacher,relation,travel
113,sick,other,other
114,happy,emotion,travel
115,destiny,emotion,relation
116,husband,relation,relation
117,happiness,emotion,emotion
118,lost,other,other
119,kiss,emotion,emotion
120,hunting,other,relation
121,weather,travel,travel
122,summer,travel,other
123,poem,art,travel
124,summer,travel,travel
125,sky,travel,travel
126,crazy,emotion,other
127,chicago,location,location
128,freedom,emotion,emotion
129,daughter,relation,relation
130,sun,travel,travel
131,june,location,travel
132,death,relation,relation
133,together,other,travel
134,animal,travel,travel
135,thanks,emotion,other
136,hero,relation,other
137,sorrow,emotion,emotion
138,sun,travel,travel
139,pink,other,other
140,destiny,emotion,emotion
141,laughter,emotion,emotion
142,greed,emotion,emotion
143,today,other,other
144,january,location,travel
145,believe,other,other
146,suicide,relation,emotion
147,god,emotion,relation
148,destiny,emotion,emotion
149,fear,emotion,emotion
150,summer,travel,travel
151,running,other,emotion
152,death,relation,emotion
153,innocence,emotion,emotion
154,money,other,other
155,june,location,travel
156,passion,emotion,other
157,girl,relation,relation
158,success,other,other
159,home,other,other
160,girl,relation,emotion
161,running,other,other
162,snake,travel,emotion
163,poem,art,emotion
164,warning,other,emotion
165,house,other,travel
166,january,location,travel
167,money,other,other
168,dream,emotion,other
169,death,relation,relation
170,alone,romance,relation
171,sister,relation,relation
172,faith,emotion,emotion
173,god,emotion,other
174,hair,other,other
175,power,other,emotion
176,america,location,other
177,poetry,art,art
178,thanks,emotion,other
179,january,location,travel
180,time,other,other
181,truth,emotion,relation
182,poem,art,other
183,wedding,romance,emotion
184,moon,travel,travel
185,greed,emotion,emotion
186,snake,travel,travel
187,funeral,relation,emotion
188,rainbow,travel,travel
189,sorrow,emotion,emotion
190,swimming,other,other
191,fear,emotion,relation
192,hair,other,other
193,night,other,other
194,depression,emotion,other
195,water,travel,travel
196,success,other,other
197,poem,art,other
198,star,travel,emotion
199,dream,emotion,emotion
200,red,other,relation
201,baby,relation,emotion
202,romance,romance,romance
203,money,other,other
204,animal,travel,other
205,sorrow,emotion,emotion
206,respect,emotion,emotion
207,marriage,romance,romance
208,green,other,art
209,identity,other,relation
210,song,art,location
211,change,other,emotion
212,dream,emotion,emotion
213,sympathy,emotion,emotion
214,alone,romance,romance
215,cinderella,other,other
216,happy,emotion,emotion
217,world,other,emotion
218,river,travel,travel
219,truth,emotion,other
220,cinderella,other,relation
221,loss,other,other
222,romantic,romance,other
223,memory,other,other
224,poem,art,other
225,sea,travel,travel
226,power,other,other
227,fear,emotion,emotion
228,success,other,other
229,sister,relation,other
230,summer,travel,travel
231,funny,emotion,relation
232,sun,travel,travel
233,moon,travel,travel
234,dance,art,art
235,money,other,other
236,snake,travel,travel
237,poetry,art,other
238,hope,emotion,emotion
239,son,relation,relation
240,marriage,romance,relation
241,murder,relation,relation
242,poverty,other,other
243,funny,emotion,other
244,home,other,other
245,happiness,emotion,emotion
246,mirror,other,other
247,romantic,romance,romance
248,children,relation,relation
249,sun,travel,travel
250,respect,emotion,emotion
251,death,relation,relation
252,culture,other,other
253,husband,relation,travel
254,beautiful,emotion,emotion
255,evil,emotion,travel
256,hunting,other,relation
257,beach,travel,travel
258,home,other,relation
259,remember,other,other
260,future,other,other
261,nature,travel,travel
262,happiness,emotion,emotion
263,warning,other,travel
264,brother,relation,other
265,evil,emotion,relation
266,joy,emotion,emotion
267,success,other,other
268,son,relation,relation
269,hate,emotion,travel
270,lonely,romance,travel
271,justice,emotion,emotion
272,marriage,romance,art
273,trust,emotion,other
274,time,other,other
275,sometimes,other,other
276,rainbow,travel,travel
277,girl,relation,emotion
278,racism,emotion,emotion
279,laughter,emotion,emotion
280,joy,emotion,emotion
281,peace,emotion,romance
282,passion,emotion,art
283,silver,other,other
284,crazy,emotion,emotion
285,lonely,romance,romance
286,heaven,emotion,travel
287,january,location,travel
288,brother,relation,relation
289,hunting,other,other
290,sea,travel,other
291,success,other,emotion
292,faith,emotion,emotion
293,lust,emotion,other
294,christmas,location,relation
295,weather,travel,other
296,city,travel,travel
297,christmas,location,relation
298,life,other,other
299,river,travel,travel
300,war,other,other
301,sleep,other,other
302,girl,relation,travel
303,father,relation,relation
304,red,other,relation
305,hair,other,other
306,ocean,travel,travel
307,greed,emotion,other
308,death,relation,travel
309,love,emotion,other
310,joy,emotion,emotion
311,hunting,other,other
312,swimming,other,travel
313,green,other,relation
314,silver,other,relation
315,weather,travel,travel
316,america,location,travel
317,silver,other,other
318,mother,relation,relation
319,star,travel,travel
320,together,other,other
321,faith,emotion,emotion
322,sympathy,emotion,emotion
323,life,other,emotion
324,june,location,other
325,depression,emotion,emotion
326,thanks,emotion,emotion
327,happy,emotion,travel
328,beach,travel,travel
329,june,location,other
330,innocence,emotion,emotion
331,school,other,relation
332,war,other,emotion
333,memory,other,other
334,lust,emotion,emotion
335,change,other,other
336,innocence,emotion,emotion
337,sorrow,emotion,emotion
338,joy,emotion,travel
339,graduation,travel,travel
340,sometimes,other,emotion
341,identity,other,other
342,beauty,emotion,emotion
343,poem,art,travel
344,funeral,relation,relation
345,loss,other,other
346,teacher,relation,other
347,world,other,other
348,dance,art,other
349,rose,travel,travel
350,life,other,other
351,anger,emotion,other
352,anger,emotion,other
353,june,location,travel
354,graduation,travel,relation
355,beach,travel,travel
356,war,other,relation
357,work,other,other
358,butterfly,travel,travel
359,success,other,other
360,river,travel,travel
361,animal,travel,travel
362,christmas,location,relation
363,innocence,emotion,relation
364,heaven,emotion,emotion
365,work,other,other
366,heaven,emotion,art
367,soldier,relation,relation
368,sky,travel,travel
369,truth,emotion,emotion
370,friend,relation,emotion
371,hunting,other,other
372,hunting,other,travel
373,culture,other,other
374,butterfly,travel,relation
375,soldier,relation,relation
376,moon,travel,travel
377,birth,relation,travel
378,warning,other,emotion
379,sleep,other,other
380,brother,relation,relation
381,car,other,other
382,children,relation,relation
383,star,travel,travel
384,america,location,emotion
385,friend,relation,relation
386,butterfly,travel,travel
387,girl,relation,other
388,war,other,relation
389,mother,relation,relation
390,innocence,emotion,relation
391,culture,other,other
392,dance,art,art
393,evil,emotion,emotion
394,father,relation,relation
395,mirror,other,other
396,dance,art,art
397,alone,romance,emotion
398,music,art,emotion
399,mother,relation,travel
400,dark,other,other
401,city,travel,travel
402,sky,travel,travel
403,dance,art,art
404,chicago,location,emotion
405,racism,emotion,emotion
406,greed,emotion,emotion
407,pink,other,emotion
408,nature,travel,relation
409,wedding,romance,relation
410,rainbow,travel,emotion
411,funeral,relation,relation
412,life,other,other
413,hunting,other,other
414,sympathy,emotion,emotion
415,innocence,emotion,relation
416,peace,emotion,other
417,romantic,romance,romance
418,paris,location,location
419,river,travel,travel
420,sympathy,emotion,romance
421,father,relation,relation
422,children,relation,relation
423,sorrow,emotion,emotion
424,paris,location,location
425,beautiful,emotion,travel
426,sick,other,other
427,freedom,emotion,other
428,teacher,relation,relation
429,wedding,romance,romance
430,red,other,travel
431,culture,other,other
432,suicide,relation,relation
433,star,travel,emotion
434,butterfly,travel,travel
435,rain,travel,travel
436,suicide,relation,emotion
437,brother,relation,relation
438,home,other,relation
439,husband,relation,relation
440,sea,travel,other
441,song,art,travel
442,fire,travel,other
443,loss,other,other
444,faith,emotion,emotion
445,rose,travel,other
446,peace,emotion,emotion
447,sun,travel,travel
448,animal,travel,travel
449,house,other,travel
450,work,other,other
451,truth,emotion,other
452,house,other,other
453,running,other,other
454,wedding,romance,travel
455,identity,other,travel
456,america,location,relation
457,brother,relation,other
458,birth,relation,emotion
459,star,travel,travel
460,mother,relation,emotion
461,war,other,relation
462,despair,emotion,emotion
463,rose,travel,other
464,faith,emotion,other
465,joy,emotion,emotion
466,music,art,emotion
467,sea,travel,travel
468,anger,emotion,emotion
469,today,other,other
470,crazy,emotion,emotion
471,hair,other,other
472,happiness,emotion,other
473,husband,relation,relation
474,sleep,other,other
475,remember,other,other
476,sister,relation,relation
477,racism,emotion,emotion
478,poem,art,other
479,anger,emotion,emotion
480,sister,relation,relation
481,river,travel,travel
482,january,location,relation
483,destiny,emotion,other
484,remember,other,other
485,mirror,other,other
486,city,travel,other
487,racism,emotion,emotion
488,nature,travel,emotion
489,daughter,relation,travel
490,brother,relation,relation
491,life,other,other
492,money,other,relation
493,husband,relation,relation
494,poverty,other,other
495,house,other,other
496,change,other,other
497,suicide,relation,relation
498,war,other,other
499,sick,other,other
500,depression,emotion,romance
501,alone,romance,travel
502,city,travel,travel
503,believe,other,other
504,destiny,emotion,other
505,death,relation,emotion
506,sun,travel,travel
507,sleep,other,other
508,dance,art,art
509,angel,emotion,emotion
510,love,emotion,emotion
511,believe,other,emotion
512,murder,relation,emotion
513,friend,relation,relation
514,passion,emotion,other
515,rose,travel,travel
516,sea,travel,relation
517,rain,travel,emotion
518,poetry,art,art
519,fire,travel,romance
520,girl,relation,relation
521,sympathy,emotion,emotion
522,swimming,other,travel
523,suicide,relation,relation
524,music,art,art
525,funny,emotion,emotion
526,warning,other,other
527,night,other,location
528,school,other,other
529,soldier,relation,relation
530,marriage,romance,romance
531,warning,other,relation
532,despair,emotion,other
533,lust,emotion,other
534,poverty,other,other
535,kiss,emotion,other
536,frog,travel,travel
537,funny,emotion,other
538,joy,emotion,emotion
539,funny,emotion,emotion
540,car,other,other
541,life,other,other
542,husband,relation,emotion
543,january,location,other
544,green,other,other
545,trust,emotion,emotion
546,childhood,relation,other
547,respect,emotion,emotion
548,dream,emotion,travel
549,sick,other,relation
550,rose,travel,other
551,running,other,other
552,peace,emotion,emotion
553,butterfly,travel,travel
554,lonely,romance,romance
555,school,other,other
556,lost,other,emotion
557,hair,other,relation
558,summer,travel,travel
559,world,other,travel
560,childhood,relation,relation
561,christmas,location,relation
562,house,other,other
563,wedding,romance,relation
564,happy,emotion,other
565,work,other,other
566,frog,travel,travel
567,laughter,emotion,emotion
568,laughter,emotion,emotion
569,lust,emotion,other
570,dance,art,art
571,poverty,other,other
572,daughter,relation,relation
573,birth,relation,emotion
574,sorrow,emotion,emotion
575,rainbow,travel,travel
576,rainbow,travel,travel
577,culture,other,other
578,rose,travel,travel
579,football,other,other
580,night,other,travel
581,freedom,emotion,emotion
582,lost,other,art
583,food,other,other
584,running,other,relation
585,travel,travel,travel
586,father,relation,relation
587,running,other,other
588,warning,other,emotion
589,sick,other,emotion
590,power,other,emotion
591,dark,other,other
592,truth,emotion,emotion
593,work,other,emotion
594,kiss,emotion,emotion
595,greed,emotion,emotion
596,school,other,other
597,ocean,travel,other
598,hero,relation,relation
599,sometimes,other,other
600,music,art,romance
601,spring,travel,other
602,weather,travel,travel
603,sun,travel,travel
604,rose,travel,travel
605,frog,travel,travel
606,change,other,relation
607,sky,travel,other
608,happiness,emotion,emotion
609,destiny,emotion,other
610,mirror,other,other
611,childhood,relation,other
612,evil,emotion,emotion
613,god,emotion,emotion
614,romantic,romance,travel
615,anger,emotion,emotion
616,travel,travel,travel
617,loss,other,other
618,dark,other,other
619,success,other,relation
620,rain,travel,travel
621,sleep,other,travel
622,believe,other,travel
623,weather,travel,travel
624,murder,relation,relation
625,poverty,other,other
626,running,other,other
627,funny,emotion,travel
628,poverty,other,other
629,sometimes,other,emotion
630,happiness,emotion,emotion
631,future,other,other
632,june,location,location
633,sister,relation,relation
634,loss,other,emotion
635,love,emotion,emotion
636,respect,emotion,emotion
637,hate,emotion,emotion
638,january,location,location
639,children,relation,relation
640,travel,travel,travel
641,passion,emotion,emotion
642,city,travel,travel
643,poetry,art,art
644,murder,relation,other
645,racism,emotion,emotion
646,romance,romance,romance
647,animal,travel,travel
648,sky,travel,other
649,music,art,art
650,rainbow,travel,romance
651,thanks,emotion,other
652,kiss,emotion,emotion
653,dream,emotion,emotion
654,alone,romance,other
655,father,relation,relation
656,song,art,other
657,trust,emotion,emotion
658,greed,emotion,emotion
659,graduation,travel,travel
660,truth,emotion,emotion
661,home,other,other
662,sleep,other,other
663,childhood,relation,relation
664,remember,other,romance
665,home,other,other
666,sun,travel,travel
667,poverty,other,other
668,june,location,other
669,baby,relation,other
670,identity,other,other
671,success,other,other
672,respect,emotion,emotion
673,rainbow,travel,travel
674,night,other,travel
675,pink,other,other
676,lonely,romance,travel
677,justice,emotion,emotion
678,hope,emotion,travel
679,butterfly,travel,travel
680,romance,romance,travel
681,alone,romance,relation
682,identity,other,other
683,heaven,emotion,emotion
684,anger,emotion,emotion
685,hunting,other,other
686,beautiful,emotion,travel
687,work,other,other
688,loss,other,other
689,suicide,relation,relation
690,god,emotion,relation
691,home,other,other
692,fear,emotion,emotion
693,suicide,relation,relation
694,family,relation,relation
695,sun,travel,travel
696,daughter,relation,relation
697,funny,emotion,other
698,beauty,emotion,travel
699,mother,relation,relation
700,mirror,other,other
701,beautiful,emotion,other
702,fear,emotion,relation
703,marriage,romance,emotion
704,hair,other,travel
705,love,emotion,emotion
706,money,other,other
707,sister,relation,travel
708,june,location,travel
709,hope,emotion,emotion
710,today,other,other
711,daughter,relation,relation
712,happy,emotion,emotion
713,wedding,romance,relation
714,animal,travel,travel
715,trust,emotion,emotion
716,music,art,travel
717,crazy,emotion,emotion
718,rose,travel,relation
719,beautiful,emotion,travel
720,work,other,travel
721,moon,travel,travel
722,father,relation,relation
723,dark,other,emotion
724,sister,relation,relation
725,respect,emotion,emotion
726,cinderella,other,relation
727,today,other,other
728,laughter,emotion,relation
729,butterfly,travel,travel
730,life,other,relation
731,football,other,other
732,graduation,travel,emotion
733,sky,travel,other
734,son,relation,relation
735,depression,emotion,emotion
736,suicide,relation,relation
737,greed,emotion,emotion
738,success,other,other
739,star,travel,other
740,music,art,other
741,life,other,other
742,cinderella,other,other
743,sick,other,other
744,evil,emotion,emotion
745,music,art,relation
746,racism,emotion,emotion
747,justice,emotion,location
748,star,travel,travel
749,hero,relation,other
750,football,other,other
751,joy,emotion,relation
752,funeral,relation,relation
753,believe,other,other
754,hair,other,other
755,remember,other,emotion
756,truth,emotion,emotion
757,freedom,emotion,emotion
758,funeral,relation,relation
759,january,location,other
760,lost,other,travel
761,silver,other,travel
762,sea,travel,travel
763,warning,other,other
764,suicide,relation,relation
765,moon,travel,location
766,beautiful,emotion,emotion
767,hunting,other,other
768,joy,emotion,other
769,world,other,other
770,respect,emotion,emotion
771,racism,emotion,other
772,baby,relation,relation
773,father,relation,travel
774,romantic,romance,romance
775,sympathy,emotion,emotion
776,star,travel,other
777,family,relation,relation
778,respect,emotion,emotion
779,poem,art,relation
780,baby,relation,relation
781,remember,other,other
782,work,other,other
783,racism,emotion,other
784,pink,other,emotion
785,home,other,relation
786,life,other,art
787,freedom,emotion,other
788,faith,emotion,emotion
789,laughter,emotion,other
790,loss,other,relation
791,winter,travel,travel
792,marriage,romance,relation
793,poem,art,other
794,sorrow,emotion,emotion
795,courage,emotion,emotion
796,culture,other,other
797,sleep,other,emotion
798,trust,emotion,emotion
799,faith,emotion,emotion
800,children,relation,emotion
801,friend,relation,other
802,believe,other,other
803,marriage,romance,romance
804,america,location,other
805,football,other,other
806,courage,emotion,emotion
807,wedding,romance,relation
808,rain,travel,travel
809,cinderella,other,relation
810,heaven,emotion,other
811,water,travel,travel
812,sympathy,emotion,emotion
813,suicide,relation,other
814,courage,emotion,emotion
815,faith,emotion,emotion
816,heaven,emotion,relation
817,god,emotion,emotion
818,time,other,other
819,success,other,other
820,friend,relation,emotion
821,father,relation,relation
822,heaven,emotion,emotion
823,beautiful,emotion,emotion
824,running,other,other
825,alone,romance,other
826,paris,location,location
827,wedding,romance,romance
828,lonely,romance,romance
829,father,relation,relation
830,heaven,emotion,emotion
831,poetry,art,other
832,sleep,other,relation
833,romantic,romance,romance
834,rain,travel,other
835,rainbow,travel,travel
836,beauty,emotion,other
837,funeral,relation,relation
838,peace,emotion,other
839,alone,romance,other
840,innocence,emotion,emotion
841,spring,travel,emotion
842,beach,travel,travel
843,greed,emotion,emotion
844,work,other,other
845,music,art,travel
846,joy,emotion,emotion
847,hero,relation,travel
848,lonely,romance,romance
849,together,other,relation
850,january,location,other
851,fear,emotion,emotion
852,music,art,relation
853,beach,travel,travel
854,sympathy,emotion,emotion
855,cinderella,other,other
856,father,relation,relation
857,kiss,emotion,emotion
858,freedom,emotion,emotion
859,lust,emotion,other
860,lost,other,relation
861,power,other,travel
862,chicago,location,location
863,greed,emotion,emotion
864,america,location,other
865,racism,emotion,emotion
866,lust,emotion,emotion
867,sleep,other,other
868,friend,relation,other
869,alone,romance,romance
870,funeral,relation,other
871,time,other,relation
872,sea,travel,travel
873,romantic,romance,romance
874,sorrow,emotion,travel
875,sick,other,emotion
876,weather,travel,travel
877,hero,relation,relation
878,school,other,other
879,success,other,other
880,silver,other,other
881,beauty,emotion,emotion
882,racism,emotion,other
883,summer,travel,travel
884,sister,relation,relation
885,sky,travel,travel
886,food,other,travel
887,heaven,emotion,emotion
888,work,other,emotion
889,work,other,other
890,june,location,location
891,christmas,location,other
892,romantic,romance,emotion
893,joy,emotion,travel
894,sick,other,emotion
895,truth,emotion,emotion
896,sorrow,emotion,relation
897,alone,romance,emotion
898,father,relation,other
899,lonely,romance,romance
900,happy,emotion,emotion
901,dark,other,other
902,god,emotion,travel
903,murder,relation,relation
904,sea,travel,travel
905,war,other,other
906,green,other,relation
907,racism,emotion,emotion
908,wedding,romance,romance
909,sometimes,other,other
910,funny,emotion,romance
911,friend,relation,other
912,poverty,other,other
913,world,other,other
914,power,other,travel
915,sun,travel,travel
916,family,relation,relation
917,marriage,romance,romance
918,paris,location,relation
919,sick,other,other
920,angel,emotion,art
921,war,other,relation
922,depression,emotion,emotion
923,home,other,other
924,loss,other,relation
925,animal,travel,travel
926,courage,emotion,emotion
927,night,other,relation
928,racism,emotion,emotion
929,romantic,romance,romance
930,passion,emotion,emotion
931,passion,emotion,emotion
932,hate,emotion,travel
933,school,other,other
934,car,other,other
935,evil,emotion,emotion
936,laughter,emotion,other
937,poverty,other,other
938,rain,travel,travel
939,swimming,other,other
940,pink,other,other
941,frog,travel,travel
942,water,travel,travel
943,family,relation,relation
944,rose,travel,travel
945,city,travel,travel
946,love,emotion,emotion
947,funny,emotion,emotion
948,change,other,other
949,despair,emotion,emotion
950,funeral,relation,relation
951,money,other,other
952,justice,emotion,relation
953,winter,travel,travel
954,snake,travel,travel
955,wedding,romance,emotion
956,death,relation,relation
957,believe,other,other
958,truth,emotion,emotion
959,faith,emotion,emotion
960,despair,emotion,other
961,water,travel,travel
962,song,art,other
963,summer,travel,travel
964,respect,emotion,emotion
965,anger,emotion,emotion
966,identity,other,other
967,sleep,other,travel
968,hero,relation,relation
969,nature,travel,travel
970,hero,relation,other
971,hero,relation,relation
972,remember,other,other
973,hero,relation,relation
974,god,emotion,emotion
975,future,other,other
976,green,other,other
977,time,other,other
978,winter,travel,travel
979,snake,travel,travel
980,hunting,other,other
981,war,other,relation
982,loss,other,relation
983,funeral,relation,other
984,husband,relation,other
985,family,relation,relation
986,hope,emotion,other
987,fire,travel,travel
988,evil,emotion,emotion
989,song,art,travel
990,lonely,romance,romance
991,identity,other,other
992,loss,other,other
993,depression,emotion,emotion
994,sky,travel,travel
995,rainbow,travel,travel
996,passion,emotion,emotion
997,baby,relation,relation
998,christmas,location,relation
999,swimming,other,other
1000,sleep,other,other
1001,frog,travel,travel
1002,success,other,other
1003,change,other,other
1004,hunting,other,other
1005,evil,emotion,emotion
1006,funny,emotion,other
1007,star,travel,other
1008,evil,emotion,other
1009,dance,art,emotion
1010,respect,emotion,emotion
1011,murder,relation,emotion
1012,city,travel,travel
1013,poetry,art,other
1014,pink,other,relation
1015,sorrow,emotion,emotion
1016,star,travel,emotion
1017,sorrow,emotion,emotion
1018,peace,emotion,other
1019,water,travel,travel
1020,children,relation,travel
1021,soldier,relation,emotion
1022,teacher,relation,relation
1023,father,relation,relation
1024,beauty,emotion,emotion
1025,alone,romance,relation
1026,home,other,relation
1027,warning,other,emotion
1028,sky,travel,travel
1029,sometimes,other,other
1030,rainbow,travel,travel
1031,friend,relation,relation
1032,happiness,emotion,other
1033,water,travel,travel
1034,friend,relation,other
1035,alone,romance,romance
1036,sorrow,emotion,emotion
1037,destiny,emotion,emotion
1038,lonely,romance,other
1039,football,other,other
1040,christmas,location,relation
1041,happy,emotion,emotion
1042,children,relation,emotion
1043,christmas,location,location
1044,dark,other,other
1045,together,other,other
1046,success,other,other
1047,loss,other,other
1048,river,travel,travel
1049,green,other,travel
1050,despair,emotion,other
1051,sick,other,relation
1052,brother,relation,relation
1053,sick,other,other
1054,cinderella,other,other
1055,house,other,other
1056,river,travel,travel
1057,sea,travel,travel
1058,lust,emotion,emotion
1059,future,other,other
1060,sometimes,other,other
1061,respect,emotion,emotion
1062,sick,other,travel
1063,evil,emotion,emotion
1064,song,art,other
1065,red,other,other
1066,destiny,emotion,other
1067,travel,travel,travel
1068,family,relation,relation
1069,river,travel,travel
1070,trust,emotion,emotion
1071,destiny,emotion,emotion
1072,beautiful,emotion,travel
1073,children,relation,other
1074,birth,relation,emotion
1075,funny,emotion,emotion
1076,spring,travel,travel
1077,food,other,other
1078,future,other,other
1079,hair,other,romance
1080,food,other,other
1081,justice,emotion,relation
1082,music,art,art
1083,river,travel,emotion
1084,swimming,other,other
1085,sky,travel,travel
1086,star,travel,travel
1087,dance,art,art
1088,memory,other,other
1089,future,other,other
1090,girl,relation,relation
1091,heaven,emotion,emotion
1092,animal,travel,travel
1093,cinderella,other,art
1094,baby,relation,relation
1095,daughter,relation,relation
1096,water,travel,travel
1097,fire,travel,emotion
1098,beach,travel,travel
1099,school,other,relation
1100,travel,travel,other
1101,husband,relation,emotion
1102,freedom,emotion,emotion
1103,car,other,other
1104,hate,emotion,emotion
1105,hate,emotion,emotion
1106,poetry,art,other
1107,mother,relation,relation
1108,destiny,emotion,other
1109,swimming,other,other
1110,success,other,other
1111,mirror,other,other
1112,food,other,other
1113,laughter,emotion,emotion
1114,weather,travel,other
1115,winter,travel,travel
1116,travel,travel,travel
1117,courage,emotion,emotion
1118,january,location,relation
1119,childhood,relation,relation
1120,snake,travel,travel
1121,crazy,emotion,emotion
1122,sometimes,other,other
1123,funeral,relation,relation
1124,respect,emotion,relation
1125,angel,emotion,emotion
1126,soldier,relation,relation
1127,paris,location,location
1128,star,travel,travel
1129,love,emotion,other
1130,river,travel,travel
1131,june,location,location
1132,music,art,location
1133,america,location,other
1134,mirror,other,other
1135,despair,emotion,emotion
1136,lost,other,other
1137,spring,travel,travel
1138,anger,emotion,emotion
1139,money,other,other
1140,romance,romance,travel
1141,girl,relation,other
1142,music,art,other
1143,hair,other,relation
1144,laughter,emotion,travel
1145,sleep,other,other
1146,spring,travel,travel
1147,sea,travel,other
1148,dance,art,art
1149,success,other,other
1150,water,travel,travel
1151,sympathy,emotion,other
1152,time,other,other
1153,alone,romance,other
1154,happiness,emotion,other
1155,father,relation,travel
1156,loss,other,other
1157,heaven,emotion,other
1158,weather,travel,travel
1159,funny,emotion,other
1160,loss,other,relation
1161,depression,emotion,emotion
1162,sick,other,other
1163,car,other,other
1164,alone,romance,travel
1165,rain,travel,travel
1166,alone,romance,romance
1167,summer,travel,travel
1168,beauty,emotion,emotion
1169,sorrow,emotion,emotion
1170,america,location,location
1171,today,other,other
1172,spring,travel,travel
1173,faith,emotion,emotion
1174,murder,relation,relation
1175,january,location,other
1176,sea,travel,emotion
1177,beauty,emotion,emotion
1178,childhood,relation,relation
1179,sky,travel,emotion
1180,destiny,emotion,emotion
1181,sea,travel,travel
1182,silver,other,romance
1183,night,other,relation
1184,evil,emotion,emotion
1185,justice,emotion,relation
1186,remember,other,romance
1187,justice,emotion,emotion
1188,christmas,location,location
1189,spring,travel,relation
1190,today,other,other
1191,work,other,travel
1192,water,travel,emotion
1193,night,other,travel
1194,lost,other,other
1195,crazy,emotion,emotion
1196,racism,emotion,emotion
1197,sleep,other,other
1198,power,other,relation
1199,city,travel,travel
1200,frog,travel,travel
1201,sun,travel,travel
1202,mother,relation,relation
1203,river,travel,travel
1204,water,travel,travel
1205,despair,emotion,emotion
1206,love,emotion,other
1207,ocean,travel,other
1208,cinderella,other,other
1209,dark,other,other
1210,graduation,travel,other
1211,food,other,emotion
1212,paris,location,other
1213,peace,emotion,other
1214,joy,emotion,emotion
1215,success,other,emotion
1216,poem,art,emotion
1217,sympathy,emotion,emotion
1218,today,other,emotion
1219,chicago,location,other
1220,sympathy,emotion,other
1221,funny,emotion,other
1222,dream,emotion,emotion
1223,beautiful,emotion,travel
1224,anger,emotion,emotion
1225,butterfly,travel,travel
1226,teacher,relation,other
1227,funeral,relation,other
1228,ocean,travel,travel
1229,sorrow,emotion,emotion
1230,girl,relation,other
1231,spring,travel,travel
1232,cinderella,other,other
1233,girl,relation,relation
1234,home,other,relation
1235,racism,emotion,emotion
1236,romantic,romance,emotion
1237,city,travel,other
1238,poem,art,other
1239,christmas,location,relation
1240,despair,emotion,other
1241,sick,other,travel
1242,together,other,other
1243,winter,travel,travel
1244,sea,travel,other
1245,beautiful,emotion,other
1246,happiness,emotion,other
1247,hope,emotion,emotion
1248,depression,emotion,emotion
1249,sleep,other,travel
1250,beauty,emotion,emotion
1251,warning,other,travel
1252,funny,emotion,other
1253,death,relation,emotion
1254,sister,relation,relation
1255,freedom,emotion,emotion
1256,trust,emotion,emotion
1257,rain,travel,travel
1258,world,other,other
1259,funeral,relation,relation
1260,racism,emotion,emotion
1261,silver,other,art
1262,america,location,other
1263,football,other,other
1264,success,other,other
1265,school,other,emotion
1266,sea,travel,romance
1267,happiness,emotion,other
1268,red,other,other
1269,spring,travel,location
1270,family,relation,relation
1271,hate,emotion,travel
1272,power,other,emotion
1273,romantic,romance,romance
1274,depression,emotion,emotion
1275,graduation,travel,travel
1276,crazy,emotion,emotion
1277,happiness,emotion,other
1278,spring,travel,travel
1279,romance,romance,romance
1280,murder,relation,relation
1281,house,other,travel
1282,hate,emotion,relation
1283,world,other,other
1284,romantic,romance,other
1285,daughter,relation,relation
1286,thanks,emotion,other
1287,father,relation,relation
1288,girl,relation,other
1289,power,other,other
1290,son,relation,relation
1291,girl,relation,other
1292,birth,relation,emotion
1293,ocean,travel,travel
1294,nature,travel,travel
1295,peace,emotion,other
1296,funeral,relation,relation
1297,change,other,travel
1298,travel,travel,travel
1299,racism,emotion,emotion
1300,sorrow,emotion,other
1301,change,other,other
1302,sick,other,other
1303,lonely,romance,travel
1304,family,relation,relation
1305,mirror,other,travel
1306,greed,emotion,emotion
1307,memory,other,relation
1308,rainbow,travel,travel
1309,travel,travel,relation
1310,baby,relation,relation
1311,nature,travel,travel
1312,racism,emotion,emotion
1313,mirror,other,other
1314,destiny,emotion,emotion
1315,hate,emotion,relation
1316,nature,travel,travel
1317,rainbow,travel,art
1318,football,other,other
1319,night,other,emotion
1320,birth,relation,emotion
1321,girl,relation,emotion
1322,crazy,emotion,relation
1323,dance,art,relation
1324,believe,other,other
1325,beach,travel,other
1326,trust,emotion,emotion
1327,nature,travel,travel
1328,kiss,emotion,emotion
1329,water,travel,location
1330,school,other,emotion
1331,song,art,art
1332,sleep,other,other
1333,respect,emotion,travel
1334,football,other,other
1335,romantic,romance,other
1336,sympathy,emotion,emotion
1337,racism,emotion,emotion
1338,future,other,other
1339,family,relation,relation
1340,nature,travel,other
1341,heaven,emotion,emotion
1342,soldier,relation,relation
1343,hero,relation,relation
1344,baby,relation,other
1345,racism,emotion,emotion
1346,together,other,relation
1347,funeral,relation,relation
1348,romantic,romance,romance
1349,power,other,travel
1350,power,other,other
1351,travel,travel,other
1352,city,travel,travel
1353,funeral,relation,other
1354,dance,art,art
1355,today,other,other
1356,rainbow,travel,travel
1357,truth,emotion,emotion
1358,song,art,other
1359,sorrow,emotion,other
1360,star,travel,travel
1361,water,travel,travel
1362,today,other,emotion
1363,remember,other,relation
1364,sympathy,emotion,emotion
1365,city,travel,travel
1366,sun,travel,travel
1367,culture,other,other
1368,romance,romance,romance
1369,silver,other,relation
1370,paris,location,location
1371,pink,other,other
1372,freedom,emotion,emotion
1373,dream,emotion,other
1374,school,other,other
1375,innocence,emotion,travel
1376,respect,emotion,emotion
1377,sleep,other,other
1378,moon,travel,other
1379,love,emotion,travel
1380,remember,other,location
1381,paris,location,location
1382,poem,art,emotion
1383,father,relation,relation
1384,beauty,emotion,emotion
1385,nature,travel,other
1386,time,other,relation
1387,happiness,emotion,emotion
1388,paris,location,emotion
1389,depression,emotion,emotion
1390,heaven,emotion,emotion
1391,world,other,other
1392,joy,emotion,emotion
1393,rose,travel,travel
1394,lust,emotion,emotion
1395,school,other,other
1396,frog,travel,travel
1397,innocence,emotion,emotion
1398,dark,other,other
1399,war,other,emotion
1400,mirror,other,other
1401,house,other,location
1402,graduation,travel,other
1403,heaven,emotion,travel
1404,swimming,other,other
1405,lonely,romance,romance
1406,sleep,other,travel
1407,heaven,emotion,emotion
1408,paris,location,location
1409,brother,relation,relation
1410,trust,emotion,emotion
1411,hunting,other,relation
1412,star,travel,other
1413,work,other,relation
1414,work,other,art
1415,courage,emotion,other
1416,innocence,emotion,relation
1417,song,art,other
1418,summer,travel,travel
1419,frog,travel,travel
1420,anger,emotion,emotion
1421,poverty,other,other
1422,god,emotion,travel
1423,sea,travel,emotion
1424,lust,emotion,emotion
1425,poverty,other,other
1426,love,emotion,emotion
1427,romance,romance,romance
1428,rainbow,travel,emotion
1429,faith,emotion,travel
1430,fear,emotion,relation
1431,money,other,travel
1432,graduation,travel,other
1433,courage,emotion,emotion
1434,world,other,other
1435,home,other,other
1436,lost,other,romance
1437,poem,art,travel
1438,together,other,other
1439,sympathy,emotion,art
1440,hope,emotion,emotion
1441,today,other,emotion
1442,frog,travel,travel
1443,football,other,other
1444,depression,emotion,emotion
1445,peace,emotion,emotion
1446,winter,travel,other
1447,heaven,emotion,travel
1448,money,other,emotion
1449,angel,emotion,emotion
1450,hate,emotion,other
1451,travel,travel,location
1452,sea,travel,relation
1453,world,other,other
1454,red,other,travel
1455,thanks,emotion,emotion
1456,family,relation,relation
1457,remember,other,romance
1458,sky,travel,travel
1459,culture,other,emotion
1460,trust,emotion,emotion
1461,trust,emotion,emotion
1462,swimming,other,relation
1463,trust,emotion,emotion
1464,red,other,other
1465,greed,emotion,other
1466,identity,other,other
1467,change,other,other
1468,funny,emotion,other
1469,rose,travel,romance
1470,silver,other,other
1471,death,relation,other
1472,birth,relation,relation
1473,justice,emotion,emotion
1474,culture,other,other
1475,together,other,other
1476,daughter,relation,relation
1477,death,relation,other
1478,identity,other,relation
1479,butterfly,travel,emotion
1480,funny,emotion,emotion
1481,swimming,other,other
1482,change,other,emotion
1483,birth,relation,relation
1484,marriage,romance,romance
1485,sick,other,travel
1486,marriage,romance,other
1487,death,relation,travel
1488,travel,travel,travel
1489,brother,relation,relation
1490,sky,travel,travel
1491,dance,art,other
1492,sorrow,emotion,relation
1493,sympathy,emotion,emotion
1494,music,art,relation
1495,city,travel,travel
1496,soldier,relation,relation
1497,america,location,relation
1498,brother,relation,emotion
1499,god,emotion,other
1500,birth,relation,relation
1501,children,relation,other
1502,culture,other,other
1503,soldier,relation,other
1504,freedom,emotion,other
1505,poverty,other,other
1506,world,other,other
1507,paris,location,location
1508,sister,relation,other
1509,swimming,other,travel
1510,rose,travel,other
1511,marriage,romance,romance
1512,crazy,emotion,emotion
1513,night,other,other
1514,war,other,relation
1515,butterfly,travel,emotion
1516,sky,travel,travel
1517,peace,emotion,other
1518,animal,travel,other
1519,warning,other,travel
1520,romantic,romance,travel
1521,depression,emotion,other
1522,school,other,other
1523,marriage,romance,romance
1524,summer,travel,other
1525,america,location,location
1526,swimming,other,other
1527,music,art,art
1528,heaven,emotion,emotion
1529,soldier,relation,relation
1530,life,other,emotion
1531,sympathy,emotion,other
1532,joy,emotion,other
1533,together,other,other
1534,snake,travel,relation
1535,hope,emotion,other
1536,world,other,travel
1537,remember,other,other
1538,chicago,location,location
1539,wedding,romance,relation
1540,star,travel,travel
1541,travel,travel,travel
1542,moon,travel,travel
1543,crazy,emotion,emotion
1544,weather,travel,travel
1545,freedom,emotion,relation
1546,hero,relation,travel
1547,sick,other,relation
1548,warning,other,relation
1549,star,travel,travel
1550,summer,travel,travel
1551,nature,travel,emotion
1552,hero,relation,relation
1553,paris,location,travel
1554,ocean,travel,other
1555,graduation,travel,travel
1556,school,other,travel
1557,beautiful,emotion,emotion
1558,joy,emotion,emotion
1559,swimming,other,other
1560,hunting,other,emotion
1561,pink,other,relation
1562,joy,emotion,emotion
1563,son,relation,other
1564,freedom,emotion,relation
1565,life,other,relation
1566,death,relation,relation
1567,city,travel,other
1568,culture,other,other
1569,hero,relation,relation
1570,beach,travel,travel
1571,rain,travel,other
1572,sister,relation,relation
1573,son,relation,romance
1574,childhood,relation,relation
1575,work,other,other
1576,laughter,emotion,travel
1577,fear,emotion,emotion
1578,poem,art,art
1579,son,relation,other
1580,peace,emotion,travel
1581,hunting,other,travel
1582,war,other,relation
1583,running,other,other
1584,identity,other,relation
1585,culture,other,other
1586,sick,other,other
1587,hero,relation,relation
1588,girl,relation,relation
1589,dance,art,relation
1590,father,relation,relation
1591,ocean,travel,travel
1592,evil,emotion,relation
1593,butterfly,travel,travel
1594,kiss,emotion,emotion
1595,sun,travel,travel
1596,america,location,travel
1597,song,art,relation
1598,rainbow,travel,travel
1599,food,other,other
1600,childhood,relation,other
1601,racism,emotion,emotion
1602,moon,travel,travel
1603,food,other,emotion
1604,music,art,emotion
1605,night,other,relation
1606,war,other,travel
1607,future,other,other
1608,happiness,emotion,emotion
1609,sorrow,emotion,other
1610,future,other,emotion
1611,moon,travel,travel
1612,warning,other,other
1613,husband,relation,other
1614,anger,emotion,emotion
1615,wedding,romance,other
1616,warning,other,other
1617,truth,emotion,travel
1618,january,location,relation
1619,death,relation,relation
1620,hair,other,relation
1621,spring,travel,travel
1622,romance,romance,emotion
1623,justice,emotion,location
1624,laughter,emotion,emotion
1625,together,other,other
1626,june,location,travel
1627,music,art,art
1628,cinderella,other,relation
1629,brother,relation,relation
1630,truth,emotion,emotion
1631,silver,other,emotion
1632,love,emotion,emotion
1633,romance,romance,emotion
1634,january,location,travel
1635,star,travel,travel
1636,hero,relation,emotion
1637,passion,emotion,emotion
1638,believe,other,other
1639,hero,relation,relation
1640,hunting,other,other
1641,suicide,relation,other
1642,birth,relation,other
1643,trust,emotion,emotion
1644,work,other,other
1645,world,other,other
1646,nature,travel,travel
1647,rainbow,travel,emotion
1648,courage,emotion,emotion
1649,world,other,emotion
1650,success,other,travel
1651,husband,relation,relation
1652,friend,relation,relation
1653,hunting,other,other
1654,father,relation,relation
1655,rainbow,travel,travel
1656,song,art,other
1657,loss,other,other
1658,daughter,relation,relation
1659,love,emotion,emotion
1660,memory,other,relation
1661,murder,relation,art
1662,success,other,travel
1663,graduation,travel,other
1664,joy,emotion,travel
1665,son,relation,relation
1666,freedom,emotion,emotion
1667,childhood,relation,other
1668,house,other,other
1669,memory,other,relation
1670,happy,emotion,emotion
1671,life,other,emotion
1672,hope,emotion,travel
1673,memory,other,relation
1674,greed,emotion,other
1675,nature,travel,travel
1676,passion,emotion,emotion
1677,sick,other,other
1678,identity,other,emotion
1679,sleep,other,other
1680,despair,emotion,emotion
1681,greed,emotion,other
1682,home,other,other
1683,justice,emotion,emotion
1684,sister,relation,relation
1685,girl,relation,relation
1686,children,relation,other
1687,nature,travel,travel
1688,believe,other,other
1689,car,other,other
1690,girl,relation,other
1691,spring,travel,travel
1692,anger,emotion,emotion
1693,funeral,relation,relation
1694,power,other,travel
1695,romantic,romance,emotion
1696,happiness,emotion,emotion
1697,change,other,other
1698,dance,art,travel
1699,laughter,emotion,other
1700,night,other,travel
1701,world,other,other
1702,trust,emotion,emotion
1703,food,other,other
1704,courage,emotion,emotion
1705,angel,emotion,emotion
1706,life,other,emotion
1707,mirror,other,other
1708,sick,other,relation
1709,son,relation,relation
1710,poverty,other,other
1711,america,location,location
1712,spring,travel,travel
1713,dark,other,other
1714,silver,other,emotion
1715,rainbow,travel,romance
1716,lost,other,art
1717,power,other,emotion
1718,anger,emotion,emotion
1719,thanks,emotion,emotion
1720,summer,travel,travel
1721,destiny,emotion,emotion
1722,sometimes,other,other
1723,respect,emotion,emotion
1724,innocence,emotion,emotion
1725,america,location,location
1726,red,other,other
1727,frog,travel,travel
1728,dream,emotion,other
1729,poetry,art,art
1730,sometimes,other,other
1731,butterfly,travel,travel
1732,sea,travel,travel
1733,red,other,other
1734,nature,travel,travel
1735,music,art,travel
1736,joy,emotion,travel
1737,son,relation,relation
1738,father,relation,relation
1739,dance,art,art
1740,river,travel,travel
1741,cinderella,other,other
1742,sun,travel,travel
1743,weather,travel,travel
1744,mirror,other,relation
1745,red,other,emotion
1746,sister,relation,relation
1747,hate,emotion,emotion
1748,sun,travel,travel
1749,birth,relation,other
1750,dream,emotion,other
1751,friend,relation,relation
1752,innocence,emotion,emotion
1753,wedding,romance,romance
1754,baby,relation,relation
1755,summer,travel,travel
1756,green,other,travel
1757,football,other,other
1758,night,other,travel
1759,courage,emotion,other
1760,pink,other,emotion
1761,running,other,other
1762,sorrow,emotion,other
1763,fear,emotion,emotion
1764,home,other,other
1765,soldier,relation,relation
1766,city,travel,travel
1767,peace,emotion,emotion
1768,beauty,emotion,emotion
1769,justice,emotion,emotion
1770,money,other,other
1771,rose,travel,other
1772,house,other,other
1773,girl,relation,travel
1774,girl,relation,art
1775,football,other,other
1776,romance,romance,other
1777,spring,travel,other
1778,fire,travel,other
1779,pink,other,other
1780,friend,relation,other
1781,football,other,other
1782,romance,romance,travel
1783,today,other,other
1784,daughter,relation,other
1785,running,other,other
1786,chicago,location,other
1787,chicago,location,location
1788,despair,emotion,emotion
1789,school,other,relation
1790,june,location,travel
1791,poem,art,emotion
1792,cinderella,other,other
1793,dark,other,other
1794,sometimes,other,romance
1795,daughter,relation,emotion
1796,world,other,emotion
1797,star,travel,travel
1798,culture,other,other
1799,funny,emotion,emotion
1800,paris,location,travel
1801,january,location,relation
1802,sky,travel,travel
1803,hope,emotion,other
1804,pink,other,other
1805,lost,other,other
1806,dance,art,art
1807,spring,travel,travel
1808,soldier,relation,relation
1809,war,other,relation
1810,justice,emotion,emotion
1811,angel,emotion,emotion
1812,cinderella,other,relation
1813,change,other,travel
1814,greed,emotion,emotion
1815,son,relation,relation
1816,school,other,other
1817,thanks,emotion,emotion
1818,power,other,other
1819,family,relation,relation
1820,happiness,emotion,emotion
1821,paris,location,location
1822,frog,travel,travel
1823,graduation,travel,other
1824,poem,art,travel
1825,heaven,emotion,relation
1826,warning,other,other
1827,soldier,relation,relation
1828,murder,relation,relation
1829,money,other,other
1830,weather,travel,travel
1831,football,other,other
1832,children,relation,other
1833,sorrow,emotion,emotion
1834,sister,relation,relation
1835,snake,travel,travel
1836,america,location,other
1837,death,relation,relation
1838,marriage,romance,travel
1839,car,other,travel
1840,sister,relation,relation
1841,childhood,relation,other
1842,money,other,other
1843,culture,other,travel
1844,love,emotion,emotion
1845,hair,other,relation
1846,lonely,romance,travel
1847,hate,emotion,relation
1848,passion,emotion,emotion
1849,christmas,location,location
1850,love,emotion,emotion
1851,despair,emotion,emotion
1852,city,travel,travel
1853,nature,travel,other
1854,remember,other,travel
1855,funny,emotion,relation
1856,angel,emotion,emotion
1857,murder,relation,other
1858,faith,emotion,travel
1859,suicide,relation,relation
1860,father,relation,relation
1861,christmas,location,location
1862,hero,relation,relation
1863,together,other,relation
1864,june,location,travel
1865,culture,other,other
1866,snake,travel,travel
1867,happy,emotion,romance
1868,sister,relation,relation
1869,beauty,emotion,emotion
1870,beautiful,emotion,emotion
1871,angel,emotion,emotion
1872,moon,travel,travel
1873,justice,emotion,emotion
1874,laughter,emotion,emotion
1875,culture,other,emotion
1876,sun,travel,relation
1877,courage,emotion,emotion
1878,spring,travel,travel
1879,loss,other,other
1880,dream,emotion,other
1881,despair,emotion,emotion
1882,night,other,other
1883,children,relation,emotion
1884,food,other,other
1885,heaven,emotion,relation
1886,hope,emotion,emotion
1887,freedom,emotion,other
1888,brother,relation,art
1889,song,art,other
1890,romantic,romance,romance
1891,mother,relation,relation
1892,football,other,other
1893,childhood,relation,relation
1894,culture,other,other
1895,happiness,emotion,other
1896,sorrow,emotion,emotion
1897,faith,emotion,emotion
1898,trust,emotion,relation
1899,despair,emotion,emotion
1900,sometimes,other,other
1901,son,relation,relation
1902,remember,other,other
1903,truth,emotion,emotion
1904,birth,relation,relation
1905,pink,other,relation
1906,trust,emotion,emotion
1907,justice,emotion,emotion
1908,anger,emotion,emotion
1909,mirror,other,other
1910,lust,emotion,emotion
1911,alone,romance,other
1912,city,travel,emotion
1913,success,other,relation
1914,green,other,other
1915,identity,other,relation
1916,january,location,travel
1917,dark,other,other
1918,dark,other,other
1919,baby,relation,relation
1920,christmas,location,emotion
1921,faith,emotion,emotion
1922,weather,travel,travel
1923,today,other,other
1924,money,other,emotion
1925,evil,emotion,emotion
1926,food,other,other
1927,dark,other,emotion
1928,despair,emotion,emotion
1929,beach,travel,other
1930,football,other,other
1931,loss,other,other
1932,angel,emotion,emotion
1933,destiny,emotion,emotion
1934,brother,relation,relation
1935,warning,other,other
1936,rainbow,travel,other
1937,america,location,art
1938,sometimes,other,travel
1939,sun,travel,travel
1940,together,other,travel
1941,beach,travel,travel
1942,success,other,other
1943,hope,emotion,emotion
1944,happy,emotion,emotion
1945,courage,emotion,emotion
1946,graduation,travel,other
1947,war,other,relation
1948,summer,travel,travel
1949,pink,other,emotion
1950,remember,other,other
1951,silver,other,other
1952,weather,travel,travel
1953,murder,relation,relation
1954,laughter,emotion,emotion
1955,world,other,emotion
1956,freedom,emotion,art
1957,green,other,travel
1958,lonely,romance,romance
1959,butterfly,travel,travel
1960,identity,other,other
1961,warning,other,relation
1962,love,emotion,other
1963,running,other,other
1964,car,other,other
1965,loss,other,travel
1966,laughter,emotion,emotion
1967,hero,relation,emotion
1968,city,travel,relation
1969,suicide,relation,emotion
1970,weather,travel,travel
1971,car,other,other
1972,funny,emotion,emotion
1973,sleep,other,emotion
1974,success,other,other
1975,remember,other,travel
1976,soldier,relation,relation
1977,hate,emotion,emotion
1978,january,location,relation
1979,summer,travel,travel
1980,father,relation,other
1981,silver,other,other
1982,romantic,romance,romance
1983,poetry,art,relation
1984,school,other,other
1985,trust,emotion,emotion
1986,laughter,emotion,travel
1987,time,other,travel
1988,red,other,emotion
1989,power,other,emotion
1990,poem,art,travel
1991,heaven,emotion,relation
1992,lust,emotion,emotion
1993,trust,emotion,emotion
1994,brother,relation,relation
1995,swimming,other,travel
1996,lost,other,other
1997,wedding,romance,other
1998,sympathy,emotion,emotion
1999,paris,location,relation
2000,mirror,other,other
2001,destiny,emotion,travel
2002,birth,relation,travel
2003,rain,travel,travel
2004,hero,relation,relation
2005,travel,travel,travel
2006,remember,other,other
2007,christmas,location,location
2008,lust,emotion,emotion
2009,hair,other,other
2010,daughter,relation,relation
2011,hate,emotion,emotion
2012,sick,other,emotion
2013,passion,emotion,emotion
2014,joy,emotion,emotion
2015,crazy,emotion,emotion
2016,summer,travel,other
2017,animal,travel,travel
2018,snake,travel,other
2019,mirror,other,other
2020,romance,romance,romance
2021,depression,emotion,emotion
2022,anger,emotion,emotion
2023,crazy,emotion,emotion
2024,girl,relation,other
2025,dark,other,travel
2026,anger,emotion,emotion
2027,children,relation,other
2028,trust,emotion,emotion
2029,wedding,romance,relation
2030,innocence,emotion,emotion
2031,food,other,other
2032,mirror,other,other
2033,school,other,other
2034,believe,other,other
2035,lost,other,relation
2036,beauty,emotion,travel
2037,star,travel,travel
2038,running,other,other
2039,work,other,other
2040,passion,emotion,emotion
2041,moon,travel,other
2042,life,other,emotion
2043,hope,emotion,emotion
2044,war,other,other
2045,romance,romance,relation
2046,mirror,other,other
2047,husband,relation,other
2048,sea,travel,relation
2049,brother,relation,romance
2050,lust,emotion,other
2051,kiss,emotion,emotion
2052,evil,emotion,other
2053,success,other,other
2054,sometimes,other,other
2055,hair,other,other
2056,marriage,romance,other
2057,power,other,other
2058,winter,travel,other
2059,song,art,emotion
2060,family,relation,relation
2061,football,other,other
2062,happiness,emotion,emotion
2063,snake,travel,travel
2064,frog,travel,travel
2065,fire,travel,travel
2066,happiness,emotion,other
2067,rose,travel,other
2068,beach,travel,travel
2069,today,other,other
2070,football,other,other
2071,red,other,emotion
2072,music,art,art
2073,brother,relation,relation
2074,swimming,other,other
2075,rainbow,travel,travel
2076,believe,other,other
2077,spring,travel,travel
2078,god,emotion,emotion
2079,love,emotion,emotion
2080,school,other,emotion
2081,friend,relation,relation
2082,wedding,romance,relation
2083,dark,other,emotion
2084,identity,other,other
2085,rose,travel,other
2086,cinderella,other,relation
2087,christmas,location,location
2088,hero,relation,relation
2089,innocence,emotion,emotion
2090,culture,other,other
2091,dream,emotion,emotion
2092,believe,other,other
2093,murder,relation,other
2094,money,other,other
2095,evil,emotion,emotion
2096,animal,travel,relation
2097,rainbow,travel,other
2098,spring,travel,travel
2099,life,other,emotion
2100,dream,emotion,other
2101,kiss,emotion,relation
2102,soldier,relation,other
2103,time,other,other
2104,green,other,travel
2105,freedom,emotion,other
2106,cinderella,other,art
2107,life,other,travel
2108,freedom,emotion,emotion
2109,green,other,travel
2110,angel,emotion,emotion
2111,america,location,location
2112,teacher,relation,relation
2113,weather,travel,travel
2114,fire,travel,travel
2115,success,other,other
2116,swimming,other,other
2117,dream,emotion,travel
2118,green,other,other
2119,romance,romance,romance
2120,night,other,travel
2121,birth,relation,other
2122,sometimes,other,emotion
2123,teacher,relation,relation
2124,truth,emotion,relation
2125,green,other,emotion
2126,war,other,other
2127,spring,travel,travel
2128,happiness,emotion,emotion
2129,rainbow,travel,travel
2130,city,travel,travel
2131,hope,emotion,relation
2132,rainbow,travel,other
2133,future,other,emotion
2134,together,other,emotion
2135,lonely,romance,romance
2136,greed,emotion,emotion
2137,death,relation,relation
2138,spring,travel,art
2139,sister,relation,other
2140,innocence,emotion,emotion
2141,baby,relation,relation
2142,hope,emotion,emotion
2143,angel,emotion,emotion
2144,funeral,relation,other
2145,thanks,emotion,other
2146,sleep,other,other
2147,fire,travel,travel
2148,rainbow,travel,travel
2149,alone,romance,travel
2150,hate,emotion,emotion
2151,mother,relation,relation
2152,food,other,other
2153,identity,other,other
2154,sister,relation,relation
2155,sorrow,emotion,relation
2156,sympathy,emotion,emotion
2157,hate,emotion,relation
2158,happiness,emotion,emotion
2159,pink,other,other
2160,graduation,travel,travel
2161,house,other,other
2162,birth,relation,emotion
2163,trust,emotion,emotion
2164,love,emotion,emotion
2165,future,other,other
2166,sometimes,other,other
2167,friend,relation,other
2168,rose,travel,other
2169,january,location,travel
2170,evil,emotion,emotion
2171,poetry,art,other
2172,food,other,other
2173,poverty,other,other
2174,teacher,relation,relation
2175,power,other,other
2176,sun,travel,emotion
2177,heaven,emotion,other
2178,snake,travel,travel
2179,car,other,other
2180,future,other,other
2181,marriage,romance,emotion
2182,teacher,relation,other
2183,future,other,emotion
2184,courage,emotion,emotion
2185,green,other,travel
2186,ocean,travel,other
2187,sick,other,emotion
2188,joy,emotion,travel
2189,romance,romance,romance
2190,school,other,relation
2191,animal,travel,other
2192,rainbow,travel,travel
2193,poverty,other,other
2194,fear,emotion,emotion
2195,snake,travel,travel
2196,lost,other,relation
2197,greed,emotion,emotion
2198,june,location,emotion
2199,culture,other,other
2200,funeral,relation,location
2201,father,relation,relation
2202,alone,romance,relation
2203,thanks,emotion,emotion
2204,warning,other,other
2205,brother,relation,relation
2206,nature,travel,travel
2207,dance,art,travel
2208,water,travel,travel
2209,world,other,emotion
2210,fire,travel,relation
2211,angel,emotion,romance
2212,racism,emotion,emotion
2213,trust,emotion,emotion
2214,paris,location,location
2215,hair,other,travel
2216,summer,travel,travel
2217,truth,emotion,emotion
2218,weather,travel,travel
2219,baby,relation,relation
2220,hope,emotion,emotion
2221,rainbow,travel,travel
2222,memory,other,other
2223,mother,relation,relation
2224,beauty,emotion,emotion
2225,kiss,emotion,emotion
2226,work,other,other
2227,happiness,emotion,emotion
2228,sleep,other,emotion
2229,remember,other,other
2230,world,other,relation
2231,poverty,other,other
2232,childhood,relation,emotion
2233,star,travel,travel
2234,football,other,other
2235,spring,travel,travel
2236,pink,other,other
2237,world,other,travel
2238,funeral,relation,relation
2239,funeral,relation,emotion
2240,rainbow,travel,travel
2241,june,location,travel
2242,mother,relation,relation
2243,lust,emotion,emotion
2244,time,other,emotion
2245,brother,relation,relation
2246,water,travel,travel
2247,father,relation,relation
2248,music,art,other
2249,life,other,other
2250,respect,emotion,emotion
2251,sister,relation,relation
2252,ocean,travel,travel
2253,funny,emotion,emotion
2254,january,location,location
2255,together,other,emotion
2256,loss,other,emotion
2257,evil,emotion,relation
2258,future,other,other
2259,sea,travel,travel
2260,dream,emotion,other
2261,happiness,emotion,other
2262,god,emotion,emotion
2263,innocence,emotion,other
2264,school,other,travel
2265,mother,relation,romance
2266,success,other,other
2267,spring,travel,other
2268,travel,travel,other
2269,travel,travel,location
2270,girl,relation,romance
2271,poem,art,other
2272,poetry,art,art
2273,faith,emotion,emotion
2274,lost,other,relation
2275,paris,location,location
2276,father,relation,other
2277,memory,other,other
2278,hero,relation,romance
2279,snake,travel,travel
2280,winter,travel,other
2281,dark,other,travel
2282,death,relation,relation
2283,spring,travel,emotion
2284,despair,emotion,emotion
2285,freedom,emotion,travel
2286,together,other,other
2287,heaven,emotion,emotion
2288,spring,travel,travel
2289,mother,relation,relation
2290,children,relation,emotion
2291,rose,travel,other
2292,work,other,travel
2293,dream,emotion,travel
2294,memory,other,other
2295,christmas,location,other
2296,culture,other,travel
2297,war,other,emotion
2298,trust,emotion,emotion
2299,animal,travel,travel
2300,moon,travel,travel
2301,trust,emotion,emotion
2302,home,other,relation
2303,money,other,other
2304,war,other,other
2305,memory,other,relation
2306,identity,other,other
2307,beauty,emotion,relation
2308,daughter,relation,relation
2309,song,art,relation
2310,christmas,location,location
2311,children,relation,relation
2312,green,other,travel
2313,lust,emotion,emotion
2314,spring,travel,other
2315,time,other,other
2316,running,other,other
2317,butterfly,travel,travel
2318,romantic,romance,other
2319,dance,art,art
2320,january,location,travel
2321,childhood,relation,other
2322,football,other,other
2323,star,travel,relation
2324,rose,travel,travel
2325,water,travel,travel
2326,sister,relation,emotion
2327,despair,emotion,emotion
2328,ocean,travel,travel
2329,soldier,relation,relation
2330,remember,other,other
2331,today,other,relation
2332,weather,travel,travel
2333,america,location,other
2334,hunting,other,other
2335,sometimes,other,other
2336,heaven,emotion,emotion
2337,peace,emotion,emotion
2338,butterfly,travel,travel
2339,chicago,location,emotion
2340,animal,travel,relation
2341,sometimes,other,other
2342,travel,travel,travel
2343,joy,emotion,emotion
2344,romance,romance,romance
2345,paris,location,location
2346,evil,emotion,other
2347,loss,other,other
2348,romance,romance,other
2349,baby,relation,travel
2350,sorrow,emotion,other
2351,fear,emotion,emotion
2352,funny,emotion,emotion
2353,home,other,emotion
2354,work,other,other
2355,rainbow,travel,travel
2356,lonely,romance,other
2357,sorrow,emotion,emotion
2358,courage,emotion,emotion
2359,world,other,other
2360,warning,other,other
2361,respect,emotion,emotion
2362,today,other,other
2363,world,other,travel
2364,childhood,relation,relation
2365,joy,emotion,emotion
2366,memory,other,other
2367,cinderella,other,emotion
2368,thanks,emotion,emotion
2369,kiss,emotion,emotion
2370,cinderella,other,other
2371,passion,emotion,other
2372,memory,other,other
2373,moon,travel,relation
2374,america,location,other
2375,star,travel,travel
2376,lust,emotion,emotion
2377,beauty,emotion,emotion
2378,chicago,location,relation
2379,courage,emotion,other
2380,love,emotion,travel
2381,trust,emotion,emotion
2382,running,other,other
2383,evil,emotion,other
2384,dark,other,emotion
2385,january,location,other
2386,power,other,emotion
2387,romantic,romance,relation
2388,christmas,location,location
2389,school,other,other
2390,despair,emotion,emotion
2391,hope,emotion,emotion
2392,sorrow,emotion,travel
2393,beauty,emotion,other
2394,thanks,emotion,emotion
2395,marriage,romance,relation
2396,laughter,emotion,emotion
2397,success,other,other
2398,school,other,other
2399,dark,other,emotion
2400,lonely,romance,other
2401,culture,other,other
2402,night,other,other
2403,joy,emotion,travel
2404,angel,emotion,emotion
2405,funny,emotion,emotion
2406,future,other,relation
2407,green,other,other
2408,father,relation,relation
2409,culture,other,art
2410,football,other,other
2411,birth,relation,romance
2412,animal,travel,travel
2413,girl,relation,other
2414,kiss,emotion,emotion
2415,laughter,emotion,emotion
2416,swimming,other,other
2417,greed,emotion,emotion
2418,sorrow,emotion,other
2419,house,other,travel
2420,city,travel,travel
2421,hero,relation,romance
2422,identity,other,other
2423,life,other,other
2424,culture,other,other
2425,sleep,other,other
2426,running,other,other
2427,car,other,emotion
2428,beauty,emotion,other
2429,hero,relation,travel
2430,fear,emotion,emotion
2431,moon,travel,travel
2432,power,other,other
2433,travel,travel,travel
2434,loss,other,other
2435,fire,travel,relation
2436,january,location,location
2437,dance,art,art
2438,june,location,travel
2439,kiss,emotion,other
2440,murder,relation,emotion
2441,river,travel,travel
2442,money,other,other
2443,depression,emotion,other
2444,snake,travel,travel
2445,kiss,emotion,emotion
2446,dance,art,travel
2447,money,other,other
2448,god,emotion,travel
2449,swimming,other,other
2450,funny,emotion,relation
2451,identity,other,travel
2452,culture,other,emotion
2453,innocence,emotion,emotion
2454,birth,relation,relation
2455,greed,emotion,emotion
2456,identity,other,other
2457,soldier,relation,relation
2458,warning,other,location
2459,soldier,relation,relation
2460,cinderella,other,relation
2461,school,other,other
2462,future,other,other
2463,sick,other,other
2464,faith,emotion,emotion
2465,son,relation,relation
2466,winter,travel,other
2467,january,location,other
2468,angel,emotion,emotion
2469,frog,travel,travel
2470,death,relation,other
2471,time,other,other
2472,travel,travel,travel
2473,home,other,relation
2474,happy,emotion,other
2475,passion,emotion,emotion
2476,summer,travel,travel
2477,rainbow,travel,other
2478,culture,other,emotion
2479,june,location,location
2480,children,relation,relation
2481,lust,emotion,emotion
2482,car,other,other
2483,snake,travel,travel
2484,happiness,emotion,emotion
2485,dark,other,other
2486,food,other,other
2487,fire,travel,travel
2488,memory,other,emotion
2489,remember,other,relation
2490,fire,travel,relation
2491,sometimes,other,other
2492,home,other,emotion
2493,lost,other,emotion
2494,night,other,relation
2495,sun,travel,other
2496,food,other,other
2497,future,other,emotion
2498,change,other,other
2499,death,relation,relation
2500,remember,other,other
2501,january,location,travel
2502,frog,travel,travel
2503,frog,travel,travel
2504,son,relation,relation
2505,loss,other,emotion
2506,happy,emotion,relation
2507,kiss,emotion,travel
2508,peace,emotion,travel
2509,lust,emotion,emotion
2510,sorrow,emotion,emotion
2511,baby,relation,relation
2512,depression,emotion,emotion
2513,warning,other,other
2514,fear,emotion,emotion
2515,summer,travel,art
2516,husband,relation,emotion
2517,truth,emotion,emotion
2518,music,art,travel
2519,brother,relation,other
2520,winter,travel,travel
2521,angel,emotion,travel
2522,sorrow,emotion,emotion
2523,food,other,other
2524,truth,emotion,other
2525,lust,emotion,emotion
2526,water,travel,travel
2527,hunting,other,travel
2528,hate,emotion,emotion
2529,america,location,emotion
2530,silver,other,travel
2531,memory,other,other
2532,city,travel,other
2533,sorrow,emotion,emotion
2534,swimming,other,other
2535,poverty,other,other
2536,remember,other,other
2537,despair,emotion,emotion
2538,sun,travel,emotion
2539,beach,travel,travel
2540,green,other,other
2541,sick,other,other
2542,food,other,other
2543,hunting,other,travel
2544,husband,relation,relation
2545,sick,other,relation
2546,truth,emotion,emotion
2547,beautiful,emotion,emotion
2548,summer,travel,travel
2549,today,other,other
2550,life,other,other
2551,together,other,other
2552,romance,romance,romance
2553,culture,other,other
2554,soldier,relation,relation
2555,football,other,other
2556,hero,relation,relation
2557,kiss,emotion,other
2558,funny,emotion,other
2559,lost,other,relation
2560,swimming,other,other
2561,lust,emotion,other
2562,peace,emotion,emotion
2563,hunting,other,travel
2564,pink,other,other
2565,power,other,relation
2566,courage,emotion,emotion
2567,hair,other,other
2568,culture,other,other
2569,baby,relation,relation
2570,hero,relation,other
2571,snake,travel,travel
2572,silver,other,other
2573,today,other,emotion
2574,justice,emotion,emotion
2575,marriage,romance,romance
2576,dark,other,relation
2577,girl,relation,other
2578,frog,travel,travel
2579,birth,relation,travel
2580,mirror,other,other
2581,wedding,romance,other
2582,sleep,other,emotion
2583,racism,emotion,emotion
2584,hope,emotion,relation
2585,time,other,other
2586,kiss,emotion,relation
2587,red,other,other
2588,brother,relation,emotion
2589,mirror,other,other
2590,frog,travel,travel
2591,daughter,relation,relation
2592,ocean,travel,travel
2593,nature,travel,travel
2594,love,emotion,travel
2595,freedom,emotion,relation
2596,thanks,emotion,travel
2597,love,emotion,emotion
2598,warning,other,emotion
2599,power,other,other
2600,father,relation,relation
2601,america,location,other
2602,love,emotion,emotion
2603,cinderella,other,other
2604,lust,emotion,other
2605,peace,emotion,travel
2606,life,other,other
2607,crazy,emotion,emotion
2608,pink,other,other
2609,rose,travel,travel
2610,joy,emotion,travel
2611,thanks,emotion,art
2612,children,relation,relation
2613,father,relation,relation
2614,hunting,other,other
2615,sorrow,emotion,emotion
2616,god,emotion,emotion
2617,crazy,emotion,emotion
2618,city,travel,other
2619,friend,relation,emotion
2620,racism,emotion,travel
2621,funeral,relation,relation
2622,soldier,relation,relation
2623,death,relation,relation
2624,fear,emotion,emotion
2625,happiness,emotion,travel
2626,evil,emotion,emotion
2627,friend,relation,relation
2628,sick,other,other
2629,funny,emotion,emotion
2630,freedom,emotion,other
2631,despair,emotion,other
2632,sometimes,other,other
2633,cinderella,other,other
2634,chicago,location,romance
2635,son,relation,relation
2636,song,art,emotion
2637,summer,travel,travel
2638,butterfly,travel,travel
2639,america,location,emotion
2640,river,travel,travel
2641,crazy,emotion,emotion
2642,star,travel,emotion
2643,lost,other,other
2644,time,other,other
2645,father,relation,relation
2646,baby,relation,travel
2647,childhood,relation,relation
2648,lust,emotion,other
2649,funeral,relation,relation
2650,sister,relation,emotion
2651,pink,other,relation
2652,chicago,location,location
2653,rain,travel,travel
2654,beautiful,emotion,emotion
2655,sorrow,emotion,other
2656,animal,travel,travel
2657,work,other,other
2658,father,relation,relation
2659,brother,relation,relation
2660,hunting,other,relation
2661,weather,travel,travel
2662,fire,travel,relation
2663,mother,relation,relation
2664,children,relation,emotion
2665,life,other,relation
2666,green,other,other
2667,future,other,other
2668,joy,emotion,emotion
2669,suicide,relation,other
2670,murder,relation,emotion
2671,culture,other,other
2672,food,other,other
2673,house,other,relation
2674,teacher,relation,relation
2675,wedding,romance,romance
2676,alone,romance,other
2677,murder,relation,relation
2678,murder,relation,relation
2679,lust,emotion,emotion
2680,evil,emotion,emotion
2681,winter,travel,travel
2682,america,location,location
2683,hero,relation,emotion
2684,rain,travel,travel
2685,crazy,emotion,emotion
2686,marriage,romance,other
2687,culture,other,emotion
2688,sympathy,emotion,emotion
2689,courage,emotion,emotion
2690,innocence,emotion,relation
2691,hunting,other,other
2692,children,relation,relation
2693,sick,other,other
2694,depression,emotion,emotion
2695,wedding,romance,romance
2696,birth,relation,other
2697,god,emotion,emotion
2698,soldier,relation,relation
2699,heaven,emotion,travel
2700,hate,emotion,other
2701,angel,emotion,emotion
2702,paris,location,emotion
2703,success,other,other
2704,time,other,other
2705,childhood,relation,other
2706,sorrow,emotion,other
2707,world,other,emotion
2708,hair,other,other
2709,teacher,relation,relation
2710,today,other,other
2711,suicide,relation,emotion
2712,wedding,romance,other
2713,animal,travel,travel
2714,winter,travel,travel
2715,marriage,romance,relation
2716,greed,emotion,travel
2717,daughter,relation,relation
2718,lust,emotion,emotion
2719,heaven,emotion,travel
2720,moon,travel,travel
2721,childhood,relation,relation
2722,birth,relation,relation
2723,beach,travel,relation
2724,future,other,relation
2725,believe,other,relation
2726,brother,relation,travel
2727,red,other,other
2728,america,location,emotion
2729,chicago,location,other
2730,justice,emotion,emotion
2731,peace,emotion,emotion
2732,night,other,travel
2733,marriage,romance,romance
2734,greed,emotion,emotion
2735,success,other,other
2736,faith,emotion,emotion
2737,beautiful,emotion,other
2738,suicide,relation,relation
2739,future,other,relation
2740,beauty,emotion,other
2741,today,other,emotion
2742,baby,relation,travel
2743,poem,art,travel
2744,war,other,relation
2745,daughter,relation,emotion
2746,hope,emotion,other
2747,sky,travel,travel
2748,money,other,other
2749,believe,other,emotion
2750,murder,relation,relation
2751,poverty,other,other
2752,power,other,other
2753,moon,travel,other
2754,children,relation,relation
2755,moon,travel,other
2756,cinderella,other,other
2757,hope,emotion,travel
2758,travel,travel,emotion
2759,god,emotion,emotion
2760,memory,other,romance
2761,christmas,location,emotion
2762,baby,relation,relation
2763,mother,relation,relation
2764,thanks,emotion,relation
2765,car,other,relation
2766,sometimes,other,other
2767,summer,travel,travel
2768,teacher,relation,relation
2769,rose,travel,travel
2770,romantic,romance,emotion
2771,red,other,other
2772,baby,relation,relation
2773,rainbow,travel,travel
2774,animal,travel,other
2775,romantic,romance,romance
2776,identity,other,other
2777,teacher,relation,relation
2778,money,other,other
2779,thanks,emotion,emotion
2780,peace,emotion,other
2781,culture,other,other
2782,murder,relation,relation
2783,brother,relation,relation
2784,brother,relation,relation
2785,work,other,other
2786,poverty,other,other
2787,identity,other,other
2788,teacher,relation,relation
2789,depression,emotion,emotion
2790,nature,travel,travel
2791,running,other,other
2792,greed,emotion,emotion
2793,beach,travel,travel
2794,funny,emotion,other
2795,paris,location,location
2796,ocean,travel,travel
2797,song,art,other
2798,world,other,other
2799,racism,emotion,other
2800,red,other,other
2801,nature,travel,travel
2802,lust,emotion,emotion
2803,summer,travel,travel
2804,murder,relation,relation
2805,friend,relation,relation
2806,spring,travel,travel
2807,world,other,other
2808,poem,art,other
2809,daughter,relation,relation
2810,sky,travel,travel
2811,baby,relation,relation
2812,rain,travel,travel
2813,soldier,relation,relation
2814,paris,location,travel
2815,childhood,relation,emotion
2816,god,emotion,emotion
2817,graduation,travel,travel
2818,death,relation,other
2819,pink,other,travel
2820,sometimes,other,emotion
2821,poem,art,other
2822,happiness,emotion,other
2823,world,other,emotion
2824,green,other,relation
2825,father,relation,relation
2826,suicide,relation,emotion
2827,time,other,travel
2828,ocean,travel,travel
2829,lonely,romance,romance
2830,courage,emotion,emotion
2831,evil,emotion,emotion
2832,moon,travel,travel
2833,funeral,relation,relation
2834,funny,emotion,emotion
2835,together,other,other
2836,sympathy,emotion,art
2837,house,other,relation
2838,june,location,other
2839,family,relation,relation
2840,life,other,other
2841,girl,relation,other
2842,faith,emotion,travel
2843,world,other,other
2844,running,other,other
2845,america,location,location
2846,husband,relation,relation
2847,cinderella,other,relation
